<?xml version="1.0" encoding="UTF-8"?>
<project-private xmlns="http://www.netbeans.org/ns/project-private/1">
    <editor-bookmarks xmlns="http://www.netbeans.org/ns/editor-bookmarks/2" lastBookmarkId="0"/>
    <open-files xmlns="http://www.netbeans.org/ns/projectui-open-files/2">
        <group>
            <file>file:/C:/xampp2/htdocs/Code_Fest_Day_08/paymentConfirmationPage.php</file>
            <file>file:/C:/xampp2/htdocs/Code_Fest_Day_08/cart.php</file>
            <file>file:/C:/xampp2/htdocs/Code_Fest_Day_08/notify_url.php</file>
            <file>file:/C:/xampp2/htdocs/Code_Fest_Day_08/return.php</file>
            <file>file:/C:/xampp2/htdocs/Code_Fest_Day_08/actions/checkoutAction.php</file>
        </group>
    </open-files>
</project-private>
